/*
 * USER ADMIN: adriano.ramos
 * PASSWORD: admin (minusculas)
 */

USE systemout;

 INSERT INTO usuarios (id,nome,login,senha,primeiroLogin,dataCadastro,dataUltimoLogin,erroLogin,ativo) VALUES 
 (7,'Adriano Santos Ramos','adriano.ramos','aY3BnUicTk23PiinE+qwew==','1','2012-10-15 00:00:00',NULL,0,'0'),
 (8,'Carolina Souza Carol','carol.souza','aY3BnUicTk23PiinE+qwew==','1','2012-10-15 00:00:00',NULL,0,'0'),
 (9,'Adriano Santos Ramos','adriano.ramos','aY3BnUicTk23PiinE+qwew==','1','2012-10-16 00:00:00',NULL,0,'0'),
 (10,'Carolina Souza','carolina.souza','aY3BnUicTk23PiinE+qwew==','0','2012-10-16 00:00:00','2012-11-13 00:00:00',0,'1'),
 (11,'Adriano Santos Ramos','adriano.ramos','ISMvKXpXpadDiUoOSoAfww==','0','2012-10-16 00:00:00','2014-11-15 00:00:00',0,'1');

 INSERT INTO grupos (id,nome,dataCadastro,ativo) VALUES 
 (11,'Adm','2012-10-11 00:00:00','false'),
 (12,'Teste','2012-10-11 00:00:00','false'),
 (13,'Teste','2012-10-16 00:00:00','false'),
 (14,'Vendas','2012-10-16 00:00:00','false'),
 (15,'Gerentes De Vendas','2012-10-16 00:00:00','false'),
 (16,'Adm','2012-10-16 00:00:00','true'),
 (17,'Vendas','2012-10-16 00:00:00','true'),
 (18,'Gerentes Vendas','2012-10-16 00:00:00','true');

 INSERT INTO paginas (id,nome,dataCadastro) VALUES 
 (12,'Relatório Veiculos Disponiveis para Venda','2012-10-08 00:00:00'),
 (13,'Venda Veiculos','2012-10-08 00:00:00'),
 (14,'Impressão Check List Veiculo','2012-10-08 00:00:00'),
 (15,'Relatório Veiculos Vendidos','2012-10-08 00:00:00'),
 (16,'Relatório Gastos Veiculos','2012-10-08 00:00:00'),
 (17,'Relatório Lucro Veiculo','2012-10-08 00:00:00'),
 (18,'Relatório Comissão Vendedor','2012-10-08 00:00:00'),
 (19,'Cadastro Cliente / Fornecedor','2012-10-08 00:00:00'),
 (20,'Cadastro de Veículos','2012-10-08 00:00:00'),
 (21,'Gastos Veiculo','2012-10-08 00:00:00'),
 (22,'Valor Comissão e Venda do Veiculo','2012-10-08 00:00:00'),
 (23,'Cadastro Fornecedor Despesas','2012-10-08 00:00:00'),
 (24,'Cadastro Vendedor','2012-10-08 00:00:00'),
 (25,'Alteracao Cadastro Cliente / Fornecedor','2012-10-08 00:00:00'),
 (26,'Alteração Cadastro Veiculo','2012-10-08 00:00:00'),
 (27,'Alteração Venda Veiculos','2012-10-08 00:00:00'),
 (28,'Alteração Cadastro Fornecedor Despesas','2012-10-08 00:00:00'),
 (29,'Alteração Cadastro Vendedor','2012-10-08 00:00:00'),
 (30,'Cadastro Grupo','2012-10-17 00:00:00'),
 (31,'Cadastro de Usuário','2012-10-17 00:00:00'),
 (32,'Alteração Cadastro Grupo','2012-10-17 00:00:00'),
 (33,'Alteração Cadastro Usuário','2012-10-17 00:00:00'),
 (34,'Reset de Senha','2012-10-17 00:00:00');

 INSERT INTO clifor (id,tipoCliFor,nomeCompleto,rg,cpf,email,dataCadastro,status) VALUES 
 (1,'cliente/Fornecedor','Jose Maria Da Silva','121213213','606.443.498-83','','2012-05-29','ativo'),
 (2,'cliente/Fornecedor','Carolina','1231231231','534.926.844-91','','2012-06-01','ativo'),
 (3,'cliente/Fornecedor','Maria Jose','1234564564','857.243.548-45','sramos.adriano@gmail.com','2012-06-03','ativo'),
 (4,'cliente/Fornecedor','Sebastiao Baba','4003412398','641.945.143-43','jkjkkijpjiknkjn@hotmail.com','2012-06-03','ativo'),
 (5,'cliente/Fornecedor','Leicia Santos','9986644245','428.843.913-20','iuytrdfghyr6tyh@bol.com.br','2012-06-03','ativo'),
 (6,'cliente/Fornecedor','Kaka Bueno','9876545678','326.461.493-60','kjhgfdfghjnnhg@gmail.com.br','2012-05-24','ativo'),
 (7,'cliente/Fornecedor','Ruan Carlo Abadia','4564567897','716.793.951-06','','2012-06-03','ativo'),
 (8,'cliente/Fornecedor','Maria Jose','1231231313','765.970.615-27','32121213','2012-07-27','ativo'),
 (9,'cliente/Fornecedor','Maria','2122321879','253.338.320-13','-email','2012-07-27','ativo'),
 (10,'cliente/Fornecedor','Maria','1238038480','293.849.717-23','e-mail','2012-07-27','ativo'),
 (11,'cliente/Fornecedor','Maria De Lourdes','8932492389','933.350.121-51','e-mail maria','2012-07-27','ativo'),
 (12,'cliente/Fornecedor','Carolina','1651651615','621.939.412-70','e-mail','2012-07-27','ativo'),
 (13,'cliente/Fornecedor','Carolina','1231231312','362.531.122-44','e-mail','2012-07-27','ativo'),
 (14,'cliente/Fornecedor','Mario','2987328977','834.061.168-25','','2012-07-27','ativo'),
 (15,'cliente/Fornecedor','Mario Jose Da Silva','1298278237','588.623.697-00','e-mail','2012-07-27','ativo'),
 (16,'cliente/Fornecedor','Ruan Carlo Abadia Jr','1231231213','963.412.353-80','e-mail','2012-07-27','ativo'),
 (17,'fornecedor','Ruan Carlo','9879878978','752.358.648-16','e-mail','2012-07-27','ativo'),
 (18,'fornecedor','Carlo','9879879878','152.874.511-64','','2012-07-27','ativo'),
 (19,'cliente','Abadia','8768768687','757.400.623-73','e-mail','2012-07-27','ativo'),
 (20,'cliente/Fornecedor','Andreza','1565449879','033.020.030-56','e-mail','2012-07-27','ativo'),
 (21,'cliente/Fornecedor','Andreza Ramos Sa Silva','9879879827','738.654.157-09','','2012-07-27','ativo'),
 (22,'cliente/Fornecedor','Marcelo','9879879879','454.484.746-08','','2012-07-27','ativo'),
 (23,'cliente/Fornecedor','Daniel','9879878978','472.912.221-68','','2012-07-27','ativo'),
 (24,'cliente/Fornecedor','Moises','9879878979','452.524.815-71','','2012-07-27','ativo'),
 (25,'cliente/Fornecedor','Manases','1546545646','568.273.248-00','e-mail','2012-07-27','ativo'),
 (26,'cliente/Fornecedor','André','8798798798','461.254.072-76','e-mail','2012-07-27','inativo'),
 (27,'cliente/Fornecedor','Felipe','9876876654','055.414.412-34','','2012-07-27','ativo'),
 (28,'cliente/Fornecedor','Renato','8766778877','885.898.438-23','','2012-07-27','ativo'),
 (29,'cliente/Fornecedor','Vampeta','8767698789','534.389.058-09','e-mail','2012-07-27','ativo'),
 (30,'cliente/Fornecedor','Ronaldo','8767868767','144.383.142-59','','2012-07-27','ativo'),
 (31,'cliente/Fornecedor','Bebeto','9878789743','093.872.759-14','','2012-07-27','ativo'),
 (32,'cliente/Fornecedor','Carol','1290383218','788.465.564-02','e-mail@carol.com.br','2012-08-02','ativo'),
 (33,'cliente/Fornecedor','Roberto Carlos','9089089089','757.655.841-52','roberto@teste.com.br','2012-08-02','ativo'),
 (34,'cliente/Fornecedor','Denilson','1209123091','924.124.182-92','e-mail denilson.............oooo','2012-08-03','ativo'),
 (35,'cliente/Fornecedor','Denilson','3216549788','641.131.854-92','e-mail denilson','2012-08-06','ativo'),
 (36,'cliente/Fornecedor','Romario','0978UIOUIP','566.670.254-86','e-mailromario','2012-08-06','ativo'),
 (37,'cliente/Fornecedor','Luciano Hulk','9875421321','255.538.323-90','','2012-08-13','ativo'),
 (38,'cliente/Fornecedor','Angelica Esposa Hulk','0989089787','843.329.505-50','','2012-08-13','ativo'),
 (39,'cliente/Fornecedor','Galvão Bueno Silva','3216547889','139.786.754-04','','2012-08-13','ativo'),
 (40,'cliente/Fornecedor','Adriano Ramos','3213212313','567.628.606-72','','2012-12-30','ativo');

 INSERT INTO combustivelveiculos (id, descricao) VALUES 
 (1,'ÁLCOOL'),
 (2,'DIESEL'),
 (3,'FLEX'),
 (4,'GASOLINA'),
 (5,'GNV');
 
 INSERT INTO contatos (id,nome,email,endereco,dataNascimento) VALUES 
 (1,'Maria','Maria_001@teste.com.br','Rua Maria_001','2012-02-17'),
 (2,'Carolina','Carolina_001@teste.com.br','Rua Carolina_001','2012-02-20'),
 (3,'Adriano','Adriano_001@teste.com.br','Rua Adriano_001','2012-02-20'),
 (4,'Andreza','Adriano_001@teste.com.br','Rua Andreza_001','2012-02-20'),
 (5,'Andre','Andre_001@teste.com.br','Rua Andre_001','2012-02-20'),
 (6,'teste','teste','teste','1987-02-16'),
 (7,'Zé','','endereço zé','2005-05-05');

INSERT INTO estados (id,sigla,descricao) VALUES 
 (1,'AC','Acre'),
 (2,'AL','Alagoas'),
 (3,'AP','Amapá'),
 (4,'AM','Amazonas'),
 (5,'BA','Bahia'),
 (6,'CE','Ceará'),
 (7,'DF','Distrito Federal'),
 (8,'ES','Espírito Santo'),
 (9,'GO','Goiás'),
 (10,'MA','Maranhão'),
 (11,'MT','Mato Grosso'),
 (12,'MS','Mato Grosso do Sul'),
 (13,'MG','Minas Gerais'),
 (14,'PA','Pará'),
 (15,'PB','Paraíba'),
 (16,'PR','Paraná'),
 (17,'PE','Pernambuco'),
 (18,'PI','Piauí'),
 (19,'RJ','Rio de Janeiro'),
 (20,'RN','Rio Grande do Norte'),
 (21,'RS','Rio Grande do Sul'),
 (22,'RO','Rondônia'),
 (23,'RR','Roraima'),
 (24,'SC','Santa Catarina'),
 (25,'SP','São Paulo'),
 (26,'SE','Sergipe'),
 (27,'TO','Tocantins');

 INSERT INTO fornecedordespesas (id,nome,contato,telefone,dtCadastro,ativo) VALUES 
 (1,'Mecaniza Do Zé','Zé Mecanica','11-','2012-05-29','1'),
 (2,'Lava Rapido Do Mané','Mané','','2012-06-01','1'),
 (3,'Chaveiro Do Enrolado','Enrolado','','2012-06-03','1'),
 (4,'Vidraçaria Do Ruan Carlo Abadia','Abadia','11-4658-7798','2012-06-03','1'),
 (5,'Gastos Diversos Veiculos','Veiculos - Diversos','','2012-06-03','1'),
 (6,'Chaveiro Do Zé','Zé Mané','','2012-06-03','1'),
 (7,'Depachante Roberto Carlos','Roberto Carlos','11-4477-8833','2012-06-03','1'),
 (8,'Cars Pelicula Protetora','Robert','','2012-06-03','1'),
 (9,'Fumaça Car','Zezinho','11-4974-3212','2012-06-03','1'),
 (10,'Borracharia Central','Zé Ruela','','2012-08-06','1'),
 (11,'Borracharia Central 3','Zér','','2012-08-06','1'),
 (12,'Mecanica Ball','Chico','','2012-08-06','1'),
 (13,'Escapamentos Cede','Boi','','2012-08-06','1'),
 (14,'Alarmes Seu Jose','Jose','','2012-08-06','1'),
 (15,'Chaveiro Extra','Sem Contato','','2012-08-06','1'),
 (16,'Usimax Mecanica','Usimax','11-4455-66987','2012-08-07','1'),
 (17,'Mecanica Diadema','Diadema','11-4477-89963','2012-08-07','1'),
 (18,'Mecanica Mauá','Mauá','78-8966-54411','2012-08-07','1'),
 (19,'Sideralt Autopecas E Mecanica','Cid','11-4563-2311','2012-08-07','1'),
 (20,'Oficina Brasil','Money','55-8746-32111','2012-08-07','1'),
 (21,'Advance Oficina Mecanica','Advance','11-5557-78996','2012-08-07','1'),
 (22,'Mamut Manutenção Automotiva','Mamut','98-7546-32412','2012-08-07','1'),
 (23,'Auto Center Rios','Rios','12-3548-79632','2012-08-07','1'),
 (24,'Consertacar Centro Automotivo','Consertacar','12-5487-89654','2012-08-07','1'),
 (25,'Amc - Auto Mecânica Carvalho','Amc','','2012-08-07','1'),
 (26,'Mega Recuperadora','Mega','78-9654-12331','2012-08-07','1'),
 (27,'Showcar Comercio E Manutenção Ltda','Show','11-4587-99663','2012-08-07','1'),
 (28,'Del Mag Auto Mecânica','Del','78-5456-32114','2012-08-07','1'),
 (29,'Auto Rio Paraty','Auto','45-6321-47889','2012-08-07','1'),
 (30,'K170 Lava Jato - Marechal Hermes','Lava Jato','11-4556-32111','2012-08-07','1'),
 (31,'Lava Jato Viajandao 99','9999','11-2336-54778','2012-08-07','1'),
 (32,'Lava Rápido Beamar','Beamar','','2012-08-07','1'),
 (33,'Lavando Sempre Turbo Wash E Mecânica','Turbo','11-5557-89665','2012-08-07','1'),
 (34,'Meguiars Show Car','Show Car','','2012-08-07','1'),
 (35,'Nativos Lava Jato','Jato','12-5478-96544','2012-08-07','1'),
 (36,'Fornecedor 001','0015','','2012-08-08','0'),
 (37,'Zzzz0001','Zzzz0001','','2012-08-08','0'),
 (38,'Zzzz0002','Zzzz0002','','2012-08-08','0'),
 (39,'Zzzz0003','Zzzz0003','','2012-08-08','0'),
 (40,'Zzzz0004','Zzzz0004','','2012-08-08','0'),
 (41,'Zzzz0005','Zzzz0005','','2012-08-08','0'),
 (42,'Flores Da Esquina Tttt','Zé Ruela','','2012-08-13','0'),
 (43,'Zé Ruela','Zé ','','2012-09-13','1');
 
 INSERT INTO funcionarios (id,nome,usuario,senha) VALUES 
 (1,'Adriano','Ramos','123'),
 (2,'Carolina','carol','123'),
 (3,'Maria','mariquinha','123'),
 (4,'Andreza','deza','123'),
 (5,'Andre','andrezinho','123');
 
 INSERT INTO marcasveiculos (id,nomeMarca) VALUES 
 (1,'ACURA'),
 (2,'ADAMO'),
 (3,'AGRALE'),
 (4,'ALFA ROMEO'),
 (5,'AMERICAR'),
 (6,'ASIA'),
 (7,'ASTON MARTIN'),
 (8,'AUDI'),
 (9,'AUSTIN'),
 (10,'BAJA'),
 (11,'BEACH'),
 (12,'BENTLEY'),
 (13,'BIANCO'),
 (14,'BMW'),
 (15,'BOGWARD'),
 (16,'BRILLIANCE'),
 (17,'BRM'),
 (18,'BUGATTI'),
 (19,'BUGWAY'),
 (20,'BUICK'),
 (21,'CADILLAC'),
 (22,'CBT'),
 (23,'CHAMONIX'),
 (24,'CHANA'),
 (25,'CHANGAN'),
 (26,'CHEDA'),
 (27,'CHERY'),
 (28,'CHEVROLET'),
 (29,'CHRYSLER'),
 (30,'CITRONËN'),
 (31,'CORD'),
 (32,'COYOTE'),
 (33,'CROSS LANDER'),
 (34,'DAEWOO'),
 (35,'DAIHATSU'),
 (36,'DE SOTO'),
 (37,'DE TOMASO'),
 (38,'DELOREAN'),
 (39,'DKY-VEMAG'),
 (40,'DODGE'),
 (41,'DUNNAS'),
 (42,'EAGLE'),
 (43,'EFFA'),
 (44,'EMIS'),
 (45,'ENGESA'),
 (46,'ENVEMO'),
 (47,'FARUS'),
 (48,'FERCAR BUGGY'),
 (49,'FERRARI'),
 (50,'FIAT'),
 (51,'FIBRAVAN'),
 (52,'FNM'),
 (53,'FORD'),
 (54,'FYBER'),
 (55,'GEO'),
 (56,'GMC'),
 (57,'GRANCAR'),
 (58,'GREAT WALL'),
 (59,'GURGEL'),
 (60,'HAFEI'),
 (61,'HB'),
 (62,'HOFSTETTER'),
 (63,'HONDA'),
 (64,'HUDSON'),
 (65,'HUMMER'),
 (66,'HYUNDAI'),
 (67,'INCOFER'),
 (68,'INFINITI'),
 (69,'INTERNACIONAL'),
 (70,'ISUZU'),
 (71,'IVECO'),
 (72,'JAC'),
 (73,'JAGUAR'),
 (74,'JEEP'),
 (75,'JINBEI'),
 (76,'JPX'),
 (77,'KAISER'),
 (78,'KIA'),
 (79,'KOENIGSEGG'),
 (80,'L AUTOMOBILE'),
 (81,'L´ AUTO CRAFT'),
 (82,'LADA'),
 (83,'LAMBORGHINI'),
 (84,'LANCIA'),
 (85,'LAND ROVER'),
 (86,'LEXUS'),
 (87,'LIFAN'),
 (88,'LONCOLN'),
 (89,'LOBINI'),
 (90,'LOTUS'),
 (91,'MAHINDRA'),
 (92,'MARCOPOLO'),
 (93,'MARINA´S'),
 (94,'MASERATI'),
 (95,'MATRA'),
 (96,'MAYBACH'),
 (97,'MAZDA'),
 (98,'MENON'),
 (99,'MERCEDES-BENZ'),
 (100,'MERCURY'),
 (101,'MG'),
 (102,'MINI'),
 (103,'MITSUBISHI'),
 (104,'MIURA'),
 (105,'MORRIS'),
 (106,'MP LAFFER'),
 (107,'MPLM'),
 (108,'NEWTRACK'),
 (109,'NISSAN'),
 (110,'NISSIN'),
 (111,'OLDSMOBILE'),
 (112,'OPEL'),
 (113,'PAG'),
 (114,'PAGANI'),
 (115,'PEUGEOT'),
 (116,'PLYMOUTH'),
 (117,'PONTIAC'),
 (118,'PORSCHE'),
 (119,'PUMA'),
 (120,'RENAULT'),
 (121,'RENO'),
 (122,'REVA-I'),
 (123,'ROLLS-ROYCE'),
 (124,'ROMI'),
 (125,'ROVER'),
 (126,'SAAB'),
 (127,'SANTA MATILDE'),
 (128,'SATURN'),
 (129,'SEAT'),
 (130,'SHELBY'),
 (131,'SHORT'),
 (132,'SIMCA'),
 (133,'SMART'),
 (134,'SPYKER'),
 (135,'SSANGYONG'),
 (136,'STANDARD'),
 (137,'STUDEBAKER'),
 (138,'SUBARU'),
 (139,'SUZUKI'),
 (140,'TAC'),
 (141,'TANGER'),
 (142,'TOYOTA'),
 (143,'TRIUMPH'),
 (144,'TROLLER'),
 (145,'UNIMOG'),
 (146,'VOLKSWAGEN'),
 (147,'VOLVO'),
 (148,'WAKE'),
 (149,'WALK'),
 (150,'WAY BRASIL'),
 (151,'WILLYS'),
 (152,'WILLYS OVERLAND');
 
 INSERT INTO tarefas (id,descricao,finalizado,dataFinalizacao) VALUES 
 (3,'  pooesi  ',0,'2012-01-01'),
 (6,'ronaldo',1,'2012-03-30'),
 (7,'bebeto',0,NULL),
 (8,'kaka',0,NULL),
 (9,'messi',0,NULL),
 (10,'messic ronaldo',0,NULL),
 (11,'Vamos testar',0,NULL),
 (12,'Adriano',0,NULL),
 (13,'teste123',0,NULL),
 (14,'abcedfghijk',0,NULL),
 (15,'lista123',0,NULL);
 
 INSERT INTO veiculo (id,placa,cidade,estado,marca,versao,modelo,anoFab,anoMod,renavan,chassi,km,combustivel,cor,dataCadastro,status,infDocNome,infDocEndereco) VALUES 
 (1,'MBV-1544','Santo André','SP','CHEVROLET','2.0','Cruize',2012,2012,1234567897,'QWEQWEWQWWEEWEWEQ',120,'FLEX','Branco','2012-05-29','Ativo','Adriano Ras','Endereço Adriano'),
 (2,'WER-1515','Santo André','SP','CHEVROLET','Spirit 1.0 3 Portas','Celta',2005,2005,1234567899,'QWQWQWQWQWQWQWQWQ',120,'GASOLINA','Preto','2012-06-01','Ativo','Adriano','Endereço Adriano'),
 (3,'QWE-1213','Santo Andre','SP','VOLKSWAGEN','.18','Gol',2012,2012,1231311311,'QQQQQQQQQQQQQQQQQ',123,'GASOLINA','Preto','2012-06-01','Vendido','Carolina','Endereço Carolina'),
 (5,'BMW-6666','Santo André','SP','CHEVROLET','Gt .20','Vectra',2012,2012,1234565665,'ASDASDASDASDADASD',120,'FLEX','Vermelho','2012-06-03','Vendido','Ruan Carlo','Ruan Carlo'),
 (6,'TRW-1568','São Paulo ','SP','FIAT','1.0','Uno',2012,2012,1236577789,'QW897QE987EW87QW7',1,'FLEX','Verde','2012-06-03','Ativo','Carlos','Endereço Carlos'),
 (7,'ACA-0402','Santo André','SP','AUDI','2.4','A1',2012,2012,678989898,'09876567890098765',99,'GASOLINA','Prata','2012-06-03','Ativo','Marcolino Ferrari','Rua Zakri Zaidan 342579'),
 (9,'BBB-1235','Santo Andre','SP','CHEVROLET','1.4 4 Portas','Prisma',2012,2012,321321321,'ASDASDASDASDADASD',120,'FLEX','Prata','2012-06-03','Ativo','Leticia','Endereço Leticia'),
 (10,'ABC-1212','Cidade','SP','CHEDA','Versao','Modelo',2005,2005,123132312,'239837UORWFDJHFDL',1,'FLEX','Cor','2012-07-28','Vendido','Nome Doc ','Endereço Doc'),
 (11,'ABF-1233','Santo André','SP','CHEVROLET','Versao','Modelo',2005,2005,999999999,'21321332232123232',99,'FLEX','Branco','2012-07-31','Ativo','Nome','Endereço'),
 (12,'ABF-1234','Santo André','SP','CHEVROLET','Versao','Modelo',2005,2005,999999999,'21321332232123232',9999999999,'FLEX','Branco','2012-07-31','Vendido','Nome','Endereço'),
 (13,'ABF-1237','Santo André','SP','CHEVROLET','Versao','Modelo',2005,2005,999999999,'21321332232123232',9999999999,'FLEX','Branco','2012-07-31','Ativo','Nome','Endereço'),
 (14,'ABF-1111','Santo André','SP','CHEVROLET','Versao','Modelo',2005,2005,999999999,'21321332232123232',9999999999,'FLEX','Branco','2012-07-31','Vendido','Nome','Endereço'),
 (15,'ASD-1123','Santo. André','SP','FIAT','1.0','Uno',2010,2010,999999999,'ZZZZZZZZZZZZZZZZZ',9999999999,'FLEX','Branco','2012-07-31','Ativo','Bebeto','Endereço'),
 (16,'JOC-1532','Santo. André','SP','FIAT','1.0','Uno',2010,2010,999999999,'ZZZZZZZZZZZZZZZZZ',9999999999,'FLEX','Branco','2012-07-31','Ativo','Bebeto','Endereço'),
 (17,'QWE-8789','Santo. André','SP','HYUNDAI','2.0','I35',2010,2010,999999999,'ZZZZZZZZZZZZZZZZZ',9999999999,'FLEX','Branco','2012-07-31','Ativo','Bebeto','Endereço'),
 (18,'RTE-5879','Santo. André','AM','AGRALE','2.01','I35',2010,2010,999999999,'ZZZZZZZZZZZZZZZZZ',9999999999,'DIESEL','Branco E Preto','2012-07-31','Vendido','Bebeto','Endereço'),
 (22,'TRR-4444','Santo. André','AM','AGRALE','2.0','I35',2010,2010,999999999,'ZZZZZZZZZZZZZZZZZ',9999999999,'DIESEL','Branco E Preto','2012-07-31','Ativo','Bebeto','Endereço'),
 (23,'FVC-6987','Santo. André','SP','BMW','2.0','I35',2010,2010,999999999,'ZZZZZZZZZZZZZZZZZ',9999999999,'FLEX','Branco','2012-07-31','Ativo','Bebeto','Endereço'),
 (24,'TYU-9654','Santo. André','CE','ASIA','2.0','I35',2010,2010,999999999,'ZZZZZZZZZZZZZZZZZ',9999999999,'GASOLINA','Branco','2012-07-31','Vendido','Bebeto','Endereço'),
 (25,'IUO-9863','Santo. André','AL','AGRALE','2.0','I35',2010,2010,999999999,'ZZZZZZZZZZZZZZZZZ',9999999999,'DIESEL','Branco','2012-07-31','Ativo','Bebeto','Endereço'),
 (26,'TRE-9874','Santo André','SP','FIAT','1.8','Punto',2010,2010,999999999,'POIEPOIREPOIOPREO',9999999999,'FLEX','Verde Claro','2012-07-31','Ativo','Nome Mario','Endereço Mario'),
 (27,'GHJ-8547','Santo André','SP','CHEVROLET','2010','Captiva',2011,2011,988798797,'WIRURTRIFJLVVBNLK',9876541233,'FLEX','Preto','2012-07-31','Ativo','Nome Andreza','Endereço Andreza'),
 (28,'FGH-8764','São Paulo','SP','CHEVROLET','1.8','Vectra',2012,2012,987654231,'POITIOTYIOTPI098I',9874563211,'FLEX','Branco','2012-07-31','Ativo','Bebeto','Endereço Bebeto'),
 (29,'YTR-7531','Santo André','SP','CHEVROLET','Gt 2.0','Vectra',2005,2005,999999999,'99999999999999999',9999999999,'FLEX','Cinza','2012-07-31','Vendido','Leicia','Endereço'),
 (30,'POL-7536','São Paulo','SP','FORD','1.6','Fiesta',2010,2010,987456321,'440054UIUIRRJGFJL',1565448798,'FLEX','Azul','2012-07-31','Ativo','Andreza','Endereço Andreza'),
 (31,'ABC-1512','Santo André','SP','FIAT','1.4','Punto',2012,2012,998798789,'98789789789789878',1202544878,'FLEX','Vermelho','2012-07-31','Vendido','Andreza','Endereço'),
 (32,'GHT-8564','São Paulo','SP','CHEVROLET','1.0','Celta',2010,2010,654789231,'123RWERTRGFDLJFGL',5487896513,'FLEX','Verde','2012-07-31','Ativo','Daniel','Endereço Daniel'),
 (33,'RET-7896','Santo André','SP','VOLKSWAGEN','1.0','Gol',2011,2011,987654654,'40945805PIURWEPUI',9876546212,'FLEX','Vermelho','2012-08-01','Vendido','Bebeto','Endereço'),
 (34,'TRP-7896','Santo Andre','SP','VOLKSWAGEN','1.8 Power','Gol',2011,2011,654897987,'TRPORIPORTIPOROIP',3213126546,'FLEX','Prata','2012-08-01','Ativo','Maria','Endereço Maria'),
 (36,'PLM-7863','Santo André','SP','VOLKSWAGEN','1.8','Fox',2011,2011,654878979,'FSDFDSFDS131312FS',1456112321,'FLEX','Vermelho','2012-08-01','Ativo','Ronaldo','Endereço'),
 (37,'SAD-1512','Santo André','SP','FIAT','Weekend','Palio',2001,2001,999999999,'QWQWEEQWEQWEWQEQW',9999999999,'FLEX','Branco','2012-08-02','Ativo','André','Endereço Andre'),
 (38,'QWE-9876','Santo Adré','SP','FIAT','1.4','Palio',2001,2001,123654654,'WRE654WRE4564F56S',4566541223,'FLEX','Marrom','2012-08-02','Ativo','Roberto','Carlos'),
 (39,'GTR-1563','Santo Andre','SP','BMW','Fodastica','X99',2005,2005,123312233,'QWEQQWQWE56456645',3213131231,'FLEX','Branco Verde','2012-08-02','Vendido','Maria','Maria'),
 (40,'GTR-1567','Santo Andre','SP','BMW','Fodastica','X99',2005,2005,123312233,'QWEQQWQWE56456645',3213131231,'FLEX','Branco','2012-08-02','Vendido','Maria','Maria'),
 (41,'POR-3498','Santo André','SP','CHEDA','Japnes','Japones',2011,2011,321321313,'QWQQWEQWEQWEQWQWE',8456212354,'FLEX','Verde','2012-08-02','Vendido','Kaka','Alameda Galvão Bueno 1 '),
 (42,'ABD-9874','Santo André','SP','JAGUAR','Sei La Brother','Vish',2012,2012,321654879,'WREWREFDSDSD6546D',9875652313,'FLEX','Marrom Bosta','2012-08-02','Vendido','Vampeta','Endereço'),
 (43,'ASD-8796','Cidade Ad','SP','FERRARI','Versao Super ','Sei La Dessa Ferrari',2012,2012,132123216,'QWEQWEQWE65456445',1233321654,'FLEX','Vermelha','2012-08-03','Vendido','Denilson','Endereço Denilson'),
 (44,'FDG-1563','Santo Adnré','SP','CHEVROLET','4.1','Opala',1987,1987,654321321,'123123QWEQWE3ASD1',1233213132,'GASOLINA','Preto','2012-08-03','Ativo','Mario ','Endereço'),
 (47,'AND-9086','Santo André','SP','MARCOPOLO','Versao','Modelo',2012,2012,131654987,'AS987ASD9A7SD9876',1230321678,'FLEX','Verde','2012-08-06','Vendido','Carlo','Carlo Endereço'),
 (48,'AND-9084','Santo André','SP','MARCOPOLO','Versao','Modelo',2012,2012,131654987,'AS987ASD9A7SD9876',1230321678,'FLEX','Verde','2012-08-06','Vendido','Carlo','Carlo Endereço'),
 (49,'AND-9083','Santo André','SP','MARCOPOLO','Versao','Modelo',2012,2012,131654987,'AS987ASD9A7SD9876',1230321678,'FLEX','Verde','2012-08-06','Vendido','Carlo','Carlo Endereço'),
 (52,'WER-1423','Santo André','SP','HYUNDAI','2.0 Full','Ix35',2012,2012,136549879,'ASOIUDASKLJASD098',893898977,'FLEX','Preto','2012-08-06','Vendido','Manases','Endereço Manases'),
 (53,'QWE-8754','Santo André','SP','CHEDA','2.4','A1',2005,2005,123547896,'ASD987SD654D6A543',1520000012,'FLEX','Branco','2012-08-13','Ativo','Luciano Hulk ','Rua Hulk'),
 (54,'ABW-1233','Botafogo','RJ','AUDI','1.8 16v','A8',2012,2012,132215649,'ASDLKHJSDJHJKHSJK',1230,'FLEX','Preto / Branco','2012-08-13','Vendido','Luciano Hulk','Rua Hulk'),
 (55,'RTY-2365','Praia','RJ','BMW','4.1 Full Power Ultra','X6',2012,2012,135649875,'ASASDDASDSDASDASD',1235478987,'FLEX','Preta','2012-08-13','Ativo','Galvão Bueno Silva ','Endereço Galvão '),
 (56,'FGT-1532','Santo André','SP','CHEVROLET','1.4','Corsa',2012,2012,135645648,'ALÇKALAD098PUAUIS',120,'FLEX','Preto','2012-08-15','Ativo','Renato','Endereço'),
 (57,'FGT-1987','Santo André','SP','CHEVROLET','1.4','Corsa',2012,2012,135645648,'ALÇKALAD098PUAUIS',120,'FLEX','Preto','2012-08-15','Vendido','Renato','Endereço'),
 (58,'FGT-1981','Santo André','SP','CHEVROLET','1.4','Corsa',2012,2012,135645648,'ALÇKALAD098PUAUIS',120,'FLEX','Preto','2012-08-15','Ativo','Renato','Endereço'),
 (59,'FGT-1920','Santo André','SP','CHEVROLET','1.4','Corsa',2012,2012,135645648,'ALÇKALAD098PUAUIS',120,'FLEX','Preto','2012-08-15','Ativo','Renato','Endereço'),
 (60,'FGT-2547','Santo André','SP','CHEVROLET','1.4','Corsa',2012,2012,135645648,'ALÇKALAD098PUAUIS',120,'FLEX','Preto','2012-08-15','Vendido','Renato','Endereço'),
 (61,'POI-3465','São Paulo','SP','WILLYS OVERLAND','Will 002','Sei La',2012,2012,123321321,'ASDASD654654564SD',1256498789,'FLEX','Marrom Bosta','2012-08-15','Ativo','Galvão Bueno Silva ','Endereço Galvão'),
 (62,'POR-1234','São Paulo','SP','FIAT','Elx','Palio',2010,2010,123212313,'65498D7A98ASDASDD',12,'FLEX','Branco','2012-09-12','Ativo','Romario','Endereço Romario'),
 (63,'AAA-1111','Santo Andre','SP','ACURA','Versao Vermelha 666','Modelo Acumba',2015,2015,321345647,'AASD32A1SD3DAS21D',3213212312,'FLEX','Roxo','2012-09-12','Vendido','Andreza ','Endereço'),
 (64,'ABC-1254','Santo Andre','SP','ACURA','Version Full Completa Power Ultra Ultra Master Complete','Model 50.50 Top Top Gun',2012,2012,321321545,'ASDASDASDASDASDAS',1212312312,'FLEX','Verde Merda','2012-09-13','Vendido','Bebeto','Endereço'),
 (65,'WWW-6666','Santo André','SP','ADAMO','Versao Adamo','Adamo',2005,2005,132132123,'SADASDSDASDADADDA',1231231321,'FLEX','Branco','2012-09-13','Vendido','Maria De Lourdes','Endereço Maria'),
 (66,'ZZZ-6666','Santo André','SP','WILLYS','Versao Mais Completa Impossivel Meu Jovem...rs','Modelo Ultra Power Master',2010,2010,123321213,'A3SD21AS321DA31DA',1231231313,'FLEX','A Mais Escura Que Existe','2012-09-14','Vendido','Galvão Bueno Silva','Endereço Galvão'),
 (67,'QQQ-1234','Santo André','SP','ACURA','Version Acuras','Modelo Acura',2012,2012,123123213,'ASDA6S54A6D4Q9ER6',6546541321,'FLEX','Verde','2012-09-16','Vendido','Mario Jose Da Silva','Endereço'),
 (68,'TTT-1212','Santo André','SP','CHEVROLET','Spirit','Celta',2005,2005,321321321,'ASSDASÇLJHAFIPUMS',1651351546,'GASOLINA','Preto','2012-12-30','Vendido','Adriano Ramos','Patria');

 INSERT INTO vendedor (id,nome,sobreNome,dataCadastro,ativo) VALUES 
 (1,'Vendedor Mario','Vendedor Mario','2012-09-14','1'),
 (2,'Vendedor Jose','Vendedor Jose','2012-09-14','1'),
 (3,'Vendedor Pedrinho','Vendedor Pedrinho','2012-09-14','1'),
 (4,'Vendedor Zezinho','Vendedor Zezinho','2012-09-14','0'),
 (5,'Vendedor Chiquinho','Vendedor Chiquinho','2012-09-14','0'),
 (6,'Vendedor Zé','Vendedor Zé Ruela','2012-09-14','1');
 
INSERT INTO associado_grupos_usuarios (usuario_id,grupo_id) VALUES 
 (7,11),
 (9,11),
 (8,15),
 (8,13),
 (8,14),
 (11,16),
 (11,18),
 (11,17),
 (10,17);
 
 INSERT INTO associado_paginas_grupos (grupo_id,pagina_id) VALUES 
 (11,26),
 (11,25),
 (11,28),
 (11,29),
 (11,27),
 (11,19),
 (11,20),
 (11,23),
 (11,24),
 (11,21),
 (11,14),
 (11,18),
 (11,16),
 (11,17),
 (11,12),
 (11,15),
 (11,22),
 (11,13),
 (12,25),
 (13,25),
 (14,27),
 (14,24),
 (14,13),
 (14,15),
 (14,19),
 (15,27),
 (15,29),
 (15,25),
 (15,19),
 (15,24),
 (15,22),
 (15,13),
 (15,18),
 (15,12),
 (15,15),
 (17,13),
 (17,19),
 (17,12),
 (18,27),
 (18,25),
 (18,29),
 (18,19),
 (18,24),
 (18,18),
 (18,17),
 (18,12),
 (18,13),
 (16,25),
 (16,28),
 (16,26),
 (16,29),
 (16,27),
 (16,19),
 (16,23),
 (16,24),
 (16,20),
 (16,21),
 (16,14),
 (16,18),
 (16,16),
 (16,17),
 (16,12),
 (16,15),
 (16,22),
 (16,13),
 (16,32),
 (16,33),
 (16,31),
 (16,30),
 (16,34);

INSERT INTO associado_paginas_url (url,pagina_id) VALUES 
 ('/veiculosDisponiveis',12),
 ('/veiculosDisponiveisImpressao',12),
 ('/vendaVeiculo',13),
 ('/vendaVeiculoSelecionadoVeiculo',13),
 ('/vendaVeiculoPesquisaCliente',13),
 ('/vendaVeiculoClienteSelecionado',13),
 ('/checkList',14),
 ('/checkListImpressao',14),
 ('/relVeiculosVendidos',15),
 ('/relVeiculosVendidosImpressao',15),
 ('/relGastosVeiculos',16),
 ('/relGastosVeiculosImpressao',16),
 ('/relLucroVeiculo',17),
 ('/relLucroVeiculoImpressao',17),
 ('/relComissaoVendedor',18),
 ('/relComissaoVendedorImpressao',18),
 ('/cadastroCliFor',19),
 ('/cadastroVeiculo',20),
 ('/pesquisaFornecedor',20),
 ('/fornecedorSelecionado',20),
 ('/gastosVeiculo',21),
 ('/gastosVeiculoSelecionadoVeiculo',21),
 ('/gastosVeiculoSelecionaForDesp',21),
 ('/gastosVeiculoSelecionadoForDesp',21),
 ('/gastosVeiculoRemoveGasto',21),
 ('/lancamentoVlComissaoEVendaVeiculo',22),
 ('/lancamentoVlComissaoEVendaVeiculoSelecionadoVeiculo',22),
 ('/cadastroFornecedorDespesas',23),
 ('/cadastroVendedor',24),
 ('/alteracaoCliFor',25),
 ('/cliForSelecionado',25),
 ('/alteracaoVeiculo',26),
 ('/alteracaoVeiculoSelecionadoVeiculo',26),
 ('/alteracaoVeiculoPesquisaFornecedor',26),
 ('/alteracaoVeiculoFornecedorSelecionado',26),
 ('/alteracaoVeiculoExcluir',26),
 ('/alteracaoVendaVeiculo',27),
 ('/alteracaoVendaVeiculoSelecionadoVeiculo',27),
 ('/alteracaoVendaVeiculoPesquisaCliente',27),
 ('/alteracaoVendaVeiculoClienteSelecionado',27),
 ('/alteracaoVendaVeiculoExcluirVeiculo',27),
 ('/alteracaoCadForDesp',28),
 ('/alteracaoCadForDespSelecionadoFordesp',28),
 ('/alteracaoCadForDespExcluir',28),
 ('/alteracaoVendedor',29),
 ('/alteracaoVendedorSelecionadoVendedor',29),
 ('/alteracaoVendedorExcluir',29),
 ('/cadastroGrupo',30),
 ('/cadastroUsuarios',31),
 ('/alteracaoCadastroGrupo',32),
 ('/alteracaoCadastroGrupoSelecionadoGrupo',32),
 ('/alteracaoCadastroGrupoExcluirGrupo',32),
 ('/alteracaoCadastroUsuarios',33),
 ('/alteracaoCadastroUsuariosSelecionadoUsuario',33),
 ('/alteracaoCadastroUsuariosExcluirUsuario',33),
 ('/resetSenhaLogins',34),
 ('/resetSenhaLoginsSelecionadoUsuario',34);

INSERT INTO compraveiculo (id,dataCompra,valorCompra,consignado,veiculo_id,fornecedor_id) VALUES 
 (1,'2012-05-29','100000.00',0,1,1),
 (2,'2012-06-01','16000.00',0,2,1),
 (3,'2012-06-01','20000.00',0,3,2),
 (5,'2012-06-03','68000.00',0,5,4),
 (6,'2012-06-03','20000.00',0,6,6),
 (7,'2012-06-03','120000.00',0,7,6),
 (9,'2012-06-03','24000.00',0,9,5),
 (10,'2012-07-28','10.00',0,10,12),
 (11,'2012-07-31','15000.00',0,12,16),
 (12,'2012-07-31','15000.00',0,13,16),
 (13,'2012-07-31','15000.00',0,14,16),
 (14,'2012-07-31','18000.00',0,15,31),
 (15,'2012-07-31','18000.00',0,16,31),
 (16,'2012-07-31','18000.00',0,17,31),
 (17,'2012-07-31','18000.00',0,18,31),
 (21,'2012-07-31','18000.00',0,22,31),
 (22,'2012-07-31','18000.00',0,23,31),
 (23,'2012-07-31','18000.00',0,24,31),
 (24,'2012-07-31','18000.00',0,25,31),
 (25,'2012-07-31','40000.00',0,26,14),
 (26,'2012-07-31','110000.00',0,27,21),
 (27,'2012-07-31','75000.00',0,28,31),
 (28,'2012-07-31','45000.00',0,29,5),
 (29,'2012-07-31','62000.00',0,30,21),
 (30,'2012-07-31','15000.00',0,31,21),
 (31,'2012-07-31','10000.00',0,32,23),
 (32,'2012-08-01','18000.00',0,33,31),
 (33,'2012-08-01','20000.00',0,34,3),
 (35,'2012-08-01','15000.00',0,36,30),
 (36,'2012-08-02','9000.00',0,37,26),
 (37,'2012-08-02','7000.00',0,38,33),
 (38,'2012-08-02','500000.00',0,40,11),
 (39,'2012-08-02','1000000.00',0,41,6),
 (40,'2012-08-02','1000.00',0,42,27),
 (41,'2012-08-03','1000000.00',0,43,34),
 (42,'2012-08-03','150000.00',0,44,15),
 (45,'2012-08-06','150000.01',0,52,23),
 (46,'2012-08-06','159000.00',0,48,25),
 (47,'2012-08-02','180000.00',0,39,28),
 (48,'2012-07-31','45000.00',0,11,15),
 (49,'2012-08-06','9999999.99',0,49,36),
 (50,'2012-08-13','15000.00',0,53,37),
 (51,'2012-08-13','150000.00',0,54,37),
 (52,'2012-08-13','200000.00',0,55,39),
 (53,'2012-08-15','25000.00',0,60,28),
 (54,'2012-08-15','150000.00',0,61,39),
 (55,'2012-08-15','1500.00',0,59,2),
 (56,'2012-08-15','17000.00',0,58,38),
 (57,'2012-08-15','19000.00',0,57,22),
 (58,'2012-08-15','10000.00',0,56,25),
 (59,'2012-08-06','200000.00',0,47,1),
 (60,'2012-09-12','15000.00',0,62,36),
 (61,'2012-09-12','100.00',0,63,20),
 (62,'2012-09-13','100.00',0,64,13),
 (63,'2012-09-13','100.00',0,65,11),
 (64,'2012-09-14','200000.00',0,66,39),
 (65,'2012-09-16','25000.00',0,67,15),
 (66,'2012-12-30','10000.00',0,68,32);

 INSERT INTO enderecoclifor (id,endereco,bairro,cep,cidade,estado,clifor_id) VALUES 
 (1,'Rua Jose Maria','Bairro Maria','01777-777','Cidade Jose Maria','SP',1),
 (2,'Rua Carolina','Bairro Carolina','01710-900','Cidade Carolina','SP',2),
 (3,'Rua Maria Jose','Bairro Maria Jose','09171-030','Cidade Maria Jose','SP',3),
 (4,'Rua Cisplatina, 1810','Jd Ipanema','24550-988','Santo André','MS',4),
 (5,'Av Dos Estados 3234','Jd Junior Mirin','87654-323','Santo Amaro','SP',5),
 (6,'Alameda Galvão Bueno 1','Rede Globo Re','23456-789','São Paulo','SE',6),
 (7,'Rua Carlos Abadia','Endereco Ruan Carlo','07171-030','Cidade Ruan Carlo','SP',7),
 (8,'Endereco Maria','Bairro Maria Jose','01711-223','Cidade Maria José','SP',8),
 (9,'Endereço','Bairro','09171-003','Cidade','SP',9),
 (10,'Endereço Maria','Bairro Maria Da Silva','09171-030','Santo Adré','SP',10),
 (11,'Endereço Maria','Bairro Maria','09171-220','Santo André','SP',11),
 (12,'Endereço Carolina','Bairro Carolina','12121-213','Cidade','SP',12),
 (13,'Endereço','Bairro','09171-203','Cidade','SP',13),
 (14,'Endereços','Bairro','15232-154','Cidade','SC',14),
 (15,'Endereço','Bairro','01233-541','Cidade','SP',15),
 (16,'Endereço','Paraguai','01478-552','Pilantra','SP',16),
 (17,'Endereço','Bairro','12344-478','Cidade','SP',17),
 (18,'Endereço','Bairro','11554-422','Cidade','SP',18),
 (19,'Endereço','Bairro Abadia','01455-233','Cidade','SP',19),
 (20,'Endereço','Bairro','01445-555','Cidade','SP',20),
 (21,'Endereço','Bairro','01233-244','Cidade','SP',21),
 (22,'Endereço ','Bairro ','09171-300','Cidade','SP',22),
 (23,'Endereço','Bairro ','01545-621','Cidadde','SP',23),
 (24,'Endereço','Bairro','15454-787','Cidade','SP',24),
 (25,'Endereço','Bairro','11545-789','Cidade','SP',25),
 (26,'Endereço','Bairro','54678-998','Cidade','SP',26),
 (27,'Enderçeo','Bairro','65477-886','Cidade','MT',27),
 (28,'Endereço','Bairro','01223-244','Ccidad','SP',28),
 (29,'Endereço','Bairro','11554-778','Cidade','SP',29),
 (30,'Endereço','Bairro','15478-996','Cidade','SP',30),
 (31,'Endereço','Bairro','14456-321','Cidade','SP',31),
 (32,'Rua Carolina','Bairro Carol','12365-487','Cidade Carol','SP',32),
 (33,'Endereço Roberto','Bairro Roberto','11223-321','Cidade Roberto','GO',33),
 (34,'Endereço Denilson','Bairro Denilson','09877-665','Cidade Denilson','SP',34),
 (35,'Endereço Denilson','Bairro Denilson','98755-453','Cidade Denilson','SP',35),
 (36,'Endereço Romario','Bairro Romario','09888-997','Cidade Romario','SP',36),
 (37,'Rua Hulk','Bairro Hulk','45631-145','Cidade Hulk Res','SP',37),
 (38,'Endereço Da Angelica','Bairro Da Angelica','09171-003','Cidade Da Angelica','SP',38),
 (39,'Endereço Galvão','Bairro Galvão','78954-563','Praia','RJ',39),
 (40,'Rua Teste','Vila','09171-000','Santo André','SP',40);

 INSERT INTO gastosveiculos (id,descricao,valor,dtLancamento,veiculo_id,fornecedordespesas_id,nDocumento) VALUES 
 (2,'Limpeza De Bicos','500.00','2012-05-31',1,1,NULL),
 (3,'Limpeza Dos Bicos','150.00','2012-06-01',2,1,NULL),
 (4,'Limpeza De Bicos','200.00','2012-06-01',3,1,NULL),
 (5,'Lavagem Simples','25.00','2012-06-01',3,2,NULL),
 (7,'Lavagem Simples','25.00','2012-06-03',7,2,NULL),
 (8,'Troca Do Freio','450.00','2012-06-03',7,9,NULL),
 (12,'Bomba Combustivel','150.00','2012-08-13',7,21,NULL),
 (13,'Troca Oleo','80.00','2012-08-13',7,21,NULL),
 (14,'Alerme Presença','500.00','2012-08-13',7,14,NULL),
 (15,'Buzina','15.00','2012-08-13',7,14,NULL),
 (16,'Luz Ré','1.00','2012-08-13',7,14,NULL),
 (17,'Retirada Radio','50.00','2012-08-13',7,14,'1564'),
 (18,'Limpeza Bicos','200.00','2012-08-13',18,25,'88977'),
 (21,'Parafuso Roda Trazeira Do Motorista','25.00','2012-08-13',22,29,'123456789'),
 (22,'Penu Aro 17','800.00','2012-08-13',25,10,''),
 (23,'Calota Aro 17 ','50.00','2012-08-13',25,10,''),
 (24,'Retirada Insulfilm','100.00','2012-08-13',25,8,'123456'),
 (25,'Pelicula Insulfilm G5','300.00','2012-08-13',25,8,'123456'),
 (26,'Chave Reserva','50.00','2012-08-13',25,6,''),
 (27,'Cristalização','150.00','2012-08-13',23,31,'123456'),
 (28,'Pneu Meia Vida Step','300.00','2012-08-13',23,11,'123'),
 (29,'Revisão Freio','150.00','2012-08-13',27,29,'123654'),
 (30,'Vidro Dianteiro','152.00','2012-08-13',48,4,'321654'),
 (31,'Pneu Step','500.00','2012-08-13',41,10,''),
 (33,'Troca Escapamento','80.00','2012-08-13',24,23,''),
 (34,'Retirada Insulfilm','30.00','2012-08-13',24,8,''),
 (35,'Lavagem Simples','30.00','2012-08-13',18,30,''),
 (36,'Enceramento','200.00','2012-08-13',18,30,'15223'),
 (38,'Retirada Alarme','80.00','2012-08-13',18,14,''),
 (39,'Chave Reserva','100.00','2012-08-13',18,3,'152'),
 (40,'Pagamento Multas','800.00','2012-08-13',18,7,'1456321'),
 (41,'Escapamento Completo','150.00','2012-08-13',18,9,'147852'),
 (43,'Vidro Trazeiro ','250.00','2012-08-13',18,4,''),
 (44,'Tapetes ','100.00','2012-08-13',18,31,'123654'),
 (45,'Volante','200.00','2012-08-13',18,25,'1546'),
 (46,'Cristalização ','150.00','2012-08-13',18,34,'123564'),
 (47,'Troca Pastilhas De Freio','200.00','2012-08-13',18,16,'123'),
 (48,'Troca Oleo','100.00','2012-08-13',18,20,''),
 (49,'Alinhamento','100.00','2012-08-13',18,20,''),
 (50,'Balanceamento','200.00','2012-08-13',18,20,''),
 (51,'Soldagem Chassi','800.00','2012-08-13',18,20,''),
 (52,'Limpeza Motor','400.00','2012-08-13',18,20,''),
 (53,'Limpeza Bicos','200.00','2012-08-13',39,23,'987455'),
 (55,'Lavagem Interna','250.00','2012-08-13',39,31,'9874'),
 (56,'Bomba Combustivel','150.00','2012-08-15',22,29,'123654'),
 (58,'Troca Embreagem','400.00','2012-08-15',54,21,'1321321'),
 (59,'Chave Reserva','150.00','2012-08-15',40,3,'154212'),
 (60,'Lavagem Simples','30.00','2012-08-15',55,35,''),
 (61,'Troca Motor','1.00','2012-09-13',64,18,'12332132131313'),
 (62,'Motor','1.00','2012-09-13',65,21,'123'),
 (63,'Imenda Pneu Dianteiro Do Motorista','1.00','2012-09-14',66,10,'NÃO EXISTE'),
 (64,'Retirada Alarme','50.00','2012-09-16',67,14,'12313123123123'),
 (65,'Oleo','15.00','2012-09-17',66,23,'123'),
 (66,'Retirara Alarme','100.00','2012-12-30',68,14,''),
 (67,'Amassado Porta Trazeira','200.00','2012-12-30',68,1,'');

 INSERT INTO opcionaisveiculo (id,veiculo_id,opCompleto,opArQuente,opFarolXenon,opBancoRegAltura,opGps,opLimpTraseiro,opTravaEletrica,opRadio,opCapotaMaritima,opRadioTocaFita,opCdMp3,opCompBordo,opRetroFotocromico,opRetrovEletrico,opRodLigaLeve,opSensorEstacionamento,opDVD,opTetoSolar,opDesembTraseito,opTracao4x4,opAirBag,opVolRegAltura,opABS,opAlarme,opDirecaoHidraulica,opBancoCouro,opArCondicionado,opVidroEletrico,opChaveReserva,opManual) VALUES 
 (1,61,0,0,0,0,0,0,0,0,0,0,0,0,0,0,0,0,0,0,0,0,0,0,0,0,0,0,0,0,0,0),
 (2,2,1,0,0,0,0,0,0,0,0,0,0,0,0,0,0,0,0,0,0,0,0,0,0,0,0,0,0,0,0,0),
 (3,3,1,0,0,0,0,0,0,0,0,0,0,0,0,0,0,0,0,0,0,0,0,0,0,0,0,0,0,0,0,0),
 (5,5,1,0,0,0,0,0,0,0,0,0,0,0,0,0,0,0,0,0,0,0,0,0,0,0,0,0,0,0,0,0),
 (6,6,0,1,1,1,1,1,1,0,0,0,0,0,0,1,1,1,0,0,1,0,0,1,0,1,1,0,1,1,0,0),
 (7,7,1,1,1,1,1,1,1,1,1,1,1,1,1,1,1,1,1,1,1,1,1,1,1,1,1,1,1,1,1,1),
 (9,9,0,1,1,0,1,0,1,0,0,0,0,0,0,1,0,0,0,0,0,0,0,0,1,1,1,0,1,1,0,0),
 (10,10,1,1,0,0,1,0,0,1,0,0,1,0,0,0,0,0,0,0,0,0,0,0,0,0,0,0,0,0,0,0),
 (11,12,1,1,1,1,1,1,1,1,1,1,1,1,1,1,1,1,1,1,1,1,1,1,1,1,1,1,1,1,0,0),
 (12,13,1,1,1,1,1,1,1,1,1,1,1,1,1,1,1,1,1,1,1,1,1,1,1,1,1,1,1,1,NULL,NULL),
 (13,14,1,1,1,1,1,1,1,1,1,1,1,1,1,1,1,1,1,1,1,1,1,1,1,1,1,1,1,1,NULL,NULL),
 (14,15,1,0,0,0,0,0,0,0,0,0,0,0,0,0,0,0,0,0,0,0,0,0,0,0,0,0,0,0,NULL,NULL),
 (15,16,1,0,0,0,0,0,0,0,0,0,0,0,0,0,0,0,0,0,0,0,0,0,0,0,0,0,0,0,NULL,NULL),
 (16,17,1,0,0,0,0,0,0,0,0,0,0,0,0,0,0,0,0,0,0,0,0,0,0,0,0,0,0,0,NULL,NULL),
 (17,18,1,1,1,1,1,1,1,1,1,1,1,1,1,1,1,1,1,1,1,1,1,1,1,1,1,1,1,1,1,1),
 (21,22,1,1,1,1,1,1,1,1,1,1,1,1,1,1,1,1,1,1,1,1,1,1,1,1,1,1,1,1,1,1),
 (22,23,1,1,1,1,1,1,1,1,1,1,1,1,1,1,1,1,1,1,1,1,1,1,1,1,1,1,1,1,NULL,NULL),
 (23,24,1,1,1,1,1,1,1,1,1,1,1,1,1,1,1,1,1,1,1,1,1,1,1,1,1,1,1,1,1,1),
 (24,25,1,1,1,1,1,1,1,1,1,1,1,1,1,1,1,1,1,1,1,1,1,1,1,1,1,1,1,1,1,1),
 (25,26,1,1,1,1,1,1,1,1,1,1,1,1,1,1,1,1,1,1,1,1,1,1,1,1,1,1,1,1,NULL,NULL),
 (26,27,1,1,1,1,1,1,1,1,1,1,1,1,1,1,1,1,1,1,1,1,1,1,1,1,1,1,1,1,NULL,NULL),
 (27,28,1,1,1,1,1,1,1,1,1,1,1,1,1,1,1,1,1,1,1,1,1,1,1,1,1,1,1,1,NULL,NULL),
 (28,29,1,1,1,1,1,1,1,1,1,1,1,1,1,1,1,1,1,1,1,1,1,1,1,1,1,1,1,1,NULL,NULL),
 (29,30,1,0,1,0,1,0,1,0,1,0,1,0,1,0,1,0,1,0,1,0,1,0,1,0,1,0,1,0,NULL,NULL),
 (30,31,1,0,0,0,0,0,0,0,0,0,0,0,0,0,0,0,0,0,0,0,0,0,0,0,0,0,0,0,NULL,NULL),
 (31,32,1,0,0,0,0,0,0,0,0,0,0,0,0,0,0,0,0,0,0,0,0,0,0,0,0,0,0,0,NULL,NULL),
 (32,33,1,0,0,0,0,0,0,0,0,0,0,0,0,0,0,0,0,0,0,0,0,0,0,0,0,0,0,0,NULL,NULL),
 (33,34,1,0,0,0,0,0,0,0,0,0,0,0,0,0,0,0,0,0,0,0,0,0,0,0,0,0,0,0,NULL,NULL),
 (35,36,0,0,1,0,0,1,0,0,1,0,0,1,0,0,1,0,0,1,0,0,1,0,0,1,0,0,1,0,NULL,NULL),
 (36,37,1,0,0,0,0,0,0,0,0,0,0,0,0,0,0,0,0,0,0,0,0,0,0,0,0,0,0,0,NULL,NULL),
 (37,38,1,0,0,0,0,0,0,0,0,0,0,0,0,0,0,0,0,0,0,0,0,0,0,0,0,0,0,0,NULL,NULL),
 (38,39,1,1,1,1,1,1,1,1,1,1,1,1,1,1,1,1,1,1,1,1,1,1,1,1,1,1,1,1,NULL,NULL),
 (39,40,1,1,1,1,1,1,1,1,1,1,1,1,1,1,1,1,1,1,1,1,1,1,1,1,1,1,1,1,NULL,NULL),
 (40,41,1,1,1,1,1,1,1,1,1,1,1,1,1,1,1,1,1,1,1,1,1,1,1,1,1,1,1,1,NULL,NULL),
 (41,42,1,1,1,0,1,1,0,1,1,0,1,1,0,1,1,0,1,1,0,1,1,0,1,1,0,1,1,0,NULL,NULL),
 (42,43,1,0,0,0,0,0,0,0,0,0,0,0,0,0,0,0,0,0,0,0,0,0,0,0,0,0,0,0,NULL,NULL),
 (43,44,1,0,0,0,0,0,0,0,0,0,0,0,0,0,0,0,0,0,0,0,0,0,0,0,0,0,0,0,NULL,NULL),
 (48,52,1,1,0,0,1,0,0,1,0,0,1,0,0,1,0,0,1,0,0,1,0,0,1,0,0,1,0,0,NULL,NULL),
 (49,49,1,1,0,0,1,0,0,1,0,0,1,0,0,1,0,0,1,0,0,1,0,0,1,0,0,1,0,0,NULL,NULL),
 (50,47,1,1,0,0,1,0,0,1,0,0,1,0,0,1,0,0,1,0,0,1,0,0,1,0,0,1,0,0,0,0),
 (51,48,1,1,0,1,1,0,1,1,0,1,1,0,1,1,0,0,1,0,1,1,0,1,1,0,1,1,0,1,NULL,NULL),
 (52,11,1,0,1,1,1,1,0,0,1,1,1,1,0,0,1,1,1,1,0,0,1,1,1,1,0,0,1,1,NULL,NULL),
 (53,53,1,0,0,0,0,0,0,0,0,0,0,0,0,0,0,0,0,0,0,0,0,0,0,0,0,0,0,0,NULL,NULL),
 (54,54,1,1,1,1,1,1,1,1,1,1,1,1,1,1,1,1,1,1,1,1,1,1,1,1,1,0,1,1,1,1),
 (55,55,1,0,0,0,0,0,0,0,0,0,0,0,0,0,0,0,0,0,0,0,0,0,0,0,0,0,0,0,0,0),
 (56,60,1,0,0,0,0,0,0,0,0,0,0,0,0,0,0,0,0,0,0,0,0,0,0,0,0,0,0,0,1,1),
 (57,61,0,0,0,0,0,0,0,0,0,0,0,0,0,0,0,0,0,0,0,0,0,0,0,0,0,0,0,0,0,0),
 (58,59,1,0,0,0,0,0,0,0,0,0,0,0,0,0,0,0,0,0,0,0,0,0,0,0,0,0,0,0,1,0),
 (59,58,1,0,0,0,0,0,0,0,0,0,0,0,0,0,0,0,0,0,0,0,0,0,0,0,0,0,0,0,1,1),
 (60,57,0,0,0,0,0,0,0,0,0,0,0,0,0,0,0,0,0,0,0,0,0,0,0,0,0,0,0,0,1,1),
 (61,56,0,1,0,0,0,0,1,0,0,0,0,0,0,0,0,0,0,0,0,0,0,0,0,0,0,0,0,1,1,1),
 (62,1,0,1,0,0,1,0,0,0,0,0,0,0,0,0,0,0,0,0,0,0,0,0,0,0,0,0,0,0,0,0),
 (63,62,1,0,0,0,0,0,0,0,0,0,0,0,0,0,0,0,0,0,0,0,0,0,0,0,0,0,0,0,1,1),
 (64,63,1,0,0,0,0,0,0,0,0,0,0,0,0,0,0,0,0,0,0,0,0,0,0,0,0,0,0,0,1,1),
 (65,64,1,0,0,0,0,0,0,0,0,0,0,0,0,0,0,0,0,0,0,0,0,0,0,0,0,0,0,0,1,0),
 (66,65,1,0,0,0,0,0,0,0,0,0,0,0,0,0,0,0,0,0,0,0,0,0,0,0,0,0,0,0,1,1),
 (67,66,1,1,1,1,1,1,1,1,1,1,1,1,1,1,1,1,1,1,1,1,1,1,1,1,1,1,1,1,1,1),
 (68,67,1,0,0,0,0,0,0,0,0,0,0,0,0,0,0,0,0,0,0,0,0,0,0,0,0,0,0,0,0,0),
 (69,68,1,0,0,0,0,0,0,0,0,0,0,0,0,0,0,0,0,0,0,0,0,0,0,0,0,0,0,0,0,0);

 INSERT INTO telefoneclifor (id,telefone,tipo,clifor_id) VALUES 
 (1,'11-4455-2211','telefone',1),
 (2,'55-2211-4444','celular',1),
 (3,'','radio',1),
 (4,'11-4451-24188','telefone',2),
 (5,'11-4455-5555','celular',2),
 (6,'11-7845-9996','telefone',3),
 (7,'11-5678-9632','celular',3),
 (8,'11-2387-6543','telefone',4),
 (9,'98-7654-23456','celular',4),
 (10,'45-6789-09876','telefone',5),
 (11,'09-8765-43456','celular',5),
 (12,'09-8765-43456','telefone',6),
 (13,'0987654-34567','celular',6),
 (14,'','radio',6),
 (15,'11-4455-1122','telefone',7),
 (16,'11-4535-1254','celular',7),
 (17,'','radio',5),
 (18,'11-1445-52211','telefone',8),
 (19,'22-1114-55632','celular',8),
 (20,'123321','radio',8),
 (21,'11-2254-45632','telefone',9),
 (22,'12-2335-41223','celular',9),
 (23,'ID123121','radio',9),
 (24,'11-4445-52223','telefone',10),
 (25,'11-2233-32111','celular',10),
 (26,'ID','radio',10),
 (27,'11-2235-44563','telefone',11),
 (28,'11-2235-44123','celular',11),
 (29,'ID','radio',11),
 (30,'12-1212-12121','telefone',12),
 (31,'21-2121-21212','celular',12),
 (32,'IDRADIO','radio',12),
 (33,'11-5544-87987','telefone',13),
 (34,'44-4566-32111','celular',13),
 (35,'RADIO','radio',13),
 (36,'11-1455632121','telefone',14),
 (37,'14-4555-32115','celular',14),
 (38,'1154562332131','radio',14),
 (39,'11-2354-51235','telefone',15),
 (40,'11-1233-21123','celular',15),
 (41,'RADIO','radio',15),
 (42,'11-4455-66321','telefone',16),
 (43,'21-2121-21235','celular',16),
 (44,'RADIO','radio',16),
 (45,'11-4456-33211','telefone',17),
 (46,'11-2335-4444','celular',17),
 (47,'RADIO','radio',17),
 (48,'11-4456-63321','telefone',18),
 (49,'11-2355-44778','celular',18),
 (50,'11-4456-63211','telefone',19),
 (51,'11-4456-63321','celular',19),
 (52,'RADIO','radio',19),
 (53,'11-1222-33544','telefone',20),
 (54,'11-4456-63211','celular',20),
 (55,'RADIO','radio',20),
 (56,'11-4455-11233','telefone',21),
 (57,'11-4455-22335','celular',21),
 (58,'21-3154-56879','telefone',22),
 (59,'00-1123-32114','celular',22),
 (60,'45-687123123','telefone',23),
 (61,'54-5412313545','celular',23),
 (62,'32-1215-45468','telefone',24),
 (63,'11-1454-54564','celular',24),
 (64,'11-5554-56321','telefone',25),
 (65,'11-2335-45465','celular',25),
 (66,'RADIO','radio',25),
 (67,'11-4456-45212','telefone',26),
 (68,'11-1456-12312','celular',26),
 (69,'111','radio',26),
 (70,'21-5478-9651','telefone',27),
 (71,'15-4886-12321','celular',27),
 (72,'11-5545468777','telefone',28),
 (73,'44-5558-77889','celular',28),
 (74,'44-5654-65789','telefone',29),
 (75,'54-5451232134','celular',29),
 (76,'4564','radio',29),
 (77,'11-2235-44112','telefone',30),
 (78,'11-2335-44563','celular',30),
 (79,'11-2235-44123','telefone',31),
 (80,'11-2354-41112','celular',31),
 (81,'11-4455-66688','telefone',32),
 (82,'11-4455-66332','celular',32),
 (83,'ID*554','radio',32),
 (84,'IR*123123','radio',4),
 (85,'11-1144-55223','telefone',33),
 (86,'11-2244-55663','celular',33),
 (87,'ID123','radio',33),
 (88,'11-4552-33366','telefone',34),
 (89,'11-1445-52233','celular',34),
 (90,'ID99999999999','radio',34),
 (91,'ID','radio',18),
 (92,'11-2354-87895','telefone',35),
 (93,'11-2354-87896','celular',35),
 (94,'IDDENILSON','radio',35),
 (95,'99-9990-00099','telefone',36),
 (96,'99-9988-88999','celular',36),
 (97,'IDROMRIO','radio',36),
 (98,'11-4455-66321','telefone',37),
 (99,'11-4552-23665','celular',37),
 (100,'','radio',37),
 (101,'11-4455-66887','telefone',38),
 (102,'44-5563-21111','celular',38),
 (103,'','radio',38),
 (104,'11-4455-66321','telefone',39),
 (105,'11-1445-56332','celular',39),
 (106,'','radio',39),
 (107,'','radio',21),
 (108,'11-4451-2418','telefone',40),
 (109,'11-9814-93339','celular',40);

 INSERT INTO vendaveiculo (id,dataVenda,valorVenda,veiculo_id,cliente_id,vendedor_id) VALUES 
 (5,'2012-09-14','3.00',18,11,1),
 (6,'2012-09-14','180000.00',39,29,6),
 (7,'2012-09-16','30000.00',67,23,5),
 (8,'2012-09-21','666.66',64,31,5),
 (9,'2012-09-21','100.00',63,4,6),
 (10,'2012-09-21','200.00',65,39,1),
 (11,'2012-09-24','150000.01',52,34,1),
 (12,'2012-09-23','25000.00',3,27,5),
 (13,'2012-09-25','160000.00',48,27,3),
 (14,'2012-09-25','25000.00',42,15,6),
 (15,'2012-09-22','300000.00',66,29,4),
 (16,'2012-09-26','18000.00',33,38,2),
 (17,'2012-09-21','500000.00',40,7,5),
 (18,'2012-09-26','500000.00',54,14,6),
 (19,'2012-09-20','15000.00',41,12,6),
 (20,'2012-09-14','180000.00',24,39,3),
 (21,'2012-09-01','68000.00',5,22,2),
 (22,'2012-09-01','20000.00',49,21,3),
 (23,'2012-09-28','20000.00',14,34,6),
 (24,'2012-09-17','20000.00',43,36,4),
 (25,'2012-09-06','30000.00',60,31,1),
 (26,'2012-09-21','16000.00',12,23,4),
 (27,'2012-09-16','250000.00',47,5,5),
 (28,'2012-09-03','25000.00',31,23,6),
 (29,'2012-09-07','100000.00',10,8,1),
 (30,'2012-09-21','50000.00',29,28,1),
 (31,'2012-09-21','20000.00',57,35,3),
 (33,'2012-12-30','12500.00',68,19,2),
 (34,'2012-12-30','12500.00',68,19,3),
 (35,'2012-12-30','100.00',63,32,2);

 INSERT INTO vlcomissaoevendaveiculo (id,valorComissao,valorBonus,valorVenda,veiculo_id) VALUES 
 (1,'100.00','100.00','102000.00',1),
 (2,NULL,NULL,'16150.00',2),
 (3,'300.00',NULL,'25000.00',3),
 (4,'3400.00','200.00','160000.00',7),
 (5,NULL,NULL,'68000.00',5),
 (6,NULL,NULL,'20000.00',6),
 (7,NULL,NULL,'30000.00',9),
 (9,NULL,NULL,'100000.00',10),
 (10,'1.00','2.00','3.00',18),
 (11,'300.00','100.00','19000.00',22),
 (12,NULL,NULL,'180000.00',24),
 (13,NULL,NULL,'180000.00',55),
 (14,NULL,NULL,'500000.00',54),
 (15,'300.00','150.00','20000.00',25),
 (16,'800.00',NULL,'15.00',23),
 (17,NULL,NULL,'500000.00',40),
 (18,NULL,NULL,'180000.00',39),
 (19,NULL,NULL,'15000.00',41),
 (20,NULL,NULL,'15000.00',13),
 (21,NULL,NULL,'16000.00',12),
 (22,NULL,NULL,'40000.00',11),
 (23,NULL,NULL,'20000.00',53),
 (24,NULL,NULL,'150000.00',44),
 (25,NULL,NULL,'2000.00',59),
 (26,NULL,NULL,'20000.00',14),
 (27,NULL,NULL,'120000.00',27),
 (28,NULL,NULL,'80000.00',28),
 (29,NULL,NULL,'50000.00',29),
 (30,NULL,NULL,'15000.00',32),
 (31,NULL,NULL,'20000.00',56),
 (32,NULL,NULL,'20000.00',57),
 (33,NULL,NULL,'22000.00',58),
 (34,NULL,NULL,'30000.00',60),
 (35,NULL,NULL,'20000.00',43),
 (36,NULL,NULL,'35000.00',15),
 (37,NULL,NULL,'20000.00',16),
 (38,NULL,NULL,'45000.00',26),
 (39,NULL,NULL,'25000.00',31),
 (40,NULL,NULL,'15000.00',37),
 (41,NULL,NULL,'8000.00',38),
 (42,NULL,NULL,'70000.00',30),
 (43,NULL,NULL,'20000.00',17),
 (44,NULL,NULL,'150000.01',52),
 (45,NULL,NULL,'25000.00',42),
 (46,NULL,NULL,'250000.00',47),
 (47,NULL,NULL,'160000.00',48),
 (48,'50.00','0.00','150000.00',61),
 (49,NULL,NULL,'20000.00',49),
 (50,NULL,NULL,'25000.00',36),
 (51,NULL,NULL,'25000.00',34),
 (52,NULL,NULL,'18000.00',33),
 (53,'0.00','0.00','100.00',63),
 (54,'1.00','1.00','1.00',64),
 (55,'50.00','10.00','200.00',65),
 (56,'1.50','0.50','300000.00',66),
 (57,NULL,NULL,'15000.00',62),
 (58,'500.00','50.00','26000.00',67),
 (59,'500.00','100.00','12500.00',68);